breakPercentage,cost,quality
0%,24.8702630389299,0.9765714285714285
0.1%,25.24847677450908,0.9725714285714285
0.5%,26.895175326123063,0.9697142857142858
1%,27.572498848276442,0.9694285714285714
5%,30.0736361244306,0.9674285714285714
10%,30.0736361244306,0.9674285714285714
50%,32.0792495835474,0.9662857142857143
75%,38.0382728944113,0.9634285714285714
Claude Only,59.5862850991317,0.9605714285714285
GPT Only,6.891569288785499,0.9
